<?xml version="1.0" encoding="UTF-8"?>
<GenRun Id="impl_1" LaunchPart="xc7a35tcpg236-1" LaunchTime="1646852386">
  <File Type="ROUTE-PWR" Name="DE2_power_routed.rpt"/>
  <File Type="PA-TCL" Name="DE2.tcl"/>
  <File Type="BITSTR-BMM" Name="DE2_bd.bmm"/>
  <File Type="ROUTE-PWR-SUM" Name="DE2_power_summary_routed.pb"/>
  <File Type="REPORTS-TCL" Name="DE2_reports.tcl"/>
  <File Type="OPT-DCP" Name="DE2_opt.dcp"/>
  <File Type="OPT-DRC" Name="DE2_drc_opted.rpt"/>
  <File Type="OPT-HWDEF" Name="DE2.hwdef"/>
  <File Type="PWROPT-DCP" Name="DE2_pwropt.dcp"/>
  <File Type="PLACE-DCP" Name="DE2_placed.dcp"/>
  <File Type="PLACE-IO" Name="DE2_io_placed.rpt"/>
  <File Type="PLACE-UTIL" Name="DE2_utilization_placed.rpt"/>
  <File Type="PLACE-UTIL-PB" Name="DE2_utilization_placed.pb"/>
  <File Type="PLACE-CTRL" Name="DE2_control_sets_placed.rpt"/>
  <File Type="PLACE-PRE-SIMILARITY" Name="DE2_incremental_reuse_pre_placed.rpt"/>
  <File Type="POSTPLACE-PWROPT-DCP" Name="DE2_postplace_pwropt.dcp"/>
  <File Type="BG-BIN" Name="DE2.bin"/>
  <File Type="PHYSOPT-DCP" Name="DE2_physopt.dcp"/>
  <File Type="BITSTR-MSK" Name="DE2.msk"/>
  <File Type="ROUTE-ERROR-DCP" Name="DE2_routed_error.dcp"/>
  <File Type="ROUTE-DCP" Name="DE2_routed.dcp"/>
  <File Type="ROUTE-BLACKBOX-DCP" Name="DE2_routed_bb.dcp"/>
  <File Type="ROUTE-DRC" Name="DE2_drc_routed.rpt"/>
  <File Type="ROUTE-DRC-PB" Name="DE2_drc_routed.pb"/>
  <File Type="ROUTE-DRC-RPX" Name="DE2_drc_routed.rpx"/>
  <File Type="ROUTE-METHODOLOGY-DRC" Name="DE2_methodology_drc_routed.rpt"/>
  <File Type="BITSTR-MMI" Name="DE2.mmi"/>
  <File Type="ROUTE-METHODOLOGY-DRC-RPX" Name="DE2_methodology_drc_routed.rpx"/>
  <File Type="ROUTE-METHODOLOGY-DRC-PB" Name="DE2_methodology_drc_routed.pb"/>
  <File Type="ROUTE-PWR-RPX" Name="DE2_power_routed.rpx"/>
  <File Type="ROUTE-STATUS" Name="DE2_route_status.rpt"/>
  <File Type="ROUTE-STATUS-PB" Name="DE2_route_status.pb"/>
  <File Type="ROUTE-TIMINGSUMMARY" Name="DE2_timing_summary_routed.rpt"/>
  <File Type="ROUTE-TIMING-PB" Name="DE2_timing_summary_routed.pb"/>
  <File Type="ROUTE-TIMING-RPX" Name="DE2_timing_summary_routed.rpx"/>
  <File Type="ROUTE-CLK" Name="DE2_clock_utilization_routed.rpt"/>
  <File Type="ROUTE-BUS-SKEW" Name="DE2_bus_skew_routed.rpt"/>
  <File Type="ROUTE-BUS-SKEW-PB" Name="DE2_bus_skew_routed.pb"/>
  <File Type="ROUTE-BUS-SKEW-RPX" Name="DE2_bus_skew_routed.rpx"/>
  <File Type="POSTROUTE-PHYSOPT-DCP" Name="DE2_postroute_physopt.dcp"/>
  <File Type="POSTROUTE-PHYSOPT-BLACKBOX-DCP" Name="DE2_postroute_physopt_bb.dcp"/>
  <File Type="BG-BIT" Name="DE2.bit"/>
  <File Type="BITSTR-RBT" Name="DE2.rbt"/>
  <File Type="BITSTR-NKY" Name="DE2.nky"/>
  <File Type="PDI-FILE" Name="DE2.pdi"/>
  <File Type="RCFI_FILE" Name="DE2.rcfi"/>
  <File Type="CFI_FILE" Name="DE2.cfi"/>
  <File Type="RNPI_FILE" Name="DE2.rnpi"/>
  <File Type="NPI_FILE" Name="DE2.npi"/>
  <File Type="RBD_FILE" Name="DE2.rbd"/>
  <File Type="BITSTR-LTX" Name="DE2.ltx"/>
  <File Type="BITSTR-SYSDEF" Name="DE2.sysdef"/>
  <File Type="BG-BGN" Name="DE2.bgn"/>
  <File Type="BG-DRC" Name="DE2.drc"/>
  <File Type="RDI-RDI" Name="DE2.vdi"/>
  <File Type="WBT-USG" Name="usage_statistics_webtalk.html"/>
  <FileSet Name="sources" Type="DesignSrcs" RelSrcDir="$PSRCDIR/sources_1">
    <Filter Type="Srcs"/>
    <File Path="$PSRCDIR/sources_1/new/DE2.vhd">
      <FileInfo>
        <Attr Name="UsedIn" Val="synthesis"/>
        <Attr Name="UsedIn" Val="simulation"/>
      </FileInfo>
    </File>
    <Config>
      <Option Name="DesignMode" Val="RTL"/>
      <Option Name="TopModule" Val="DE2"/>
      <Option Name="TopAutoSet" Val="TRUE"/>
    </Config>
  </FileSet>
  <FileSet Name="constrs_in" Type="Constrs" RelSrcDir="$PSRCDIR/constrs_1">
    <Filter Type="Constrs"/>
    <File Path="$PPRDIR/DE2.xdc">
      <FileInfo>
        <Attr Name="UsedIn" Val="synthesis"/>
        <Attr Name="UsedIn" Val="implementation"/>
      </FileInfo>
    </File>
    <Config>
      <Option Name="ConstrsType" Val="XDC"/>
    </Config>
  </FileSet>
  <FileSet Name="utils" Type="Utils" RelSrcDir="$PSRCDIR/utils_1">
    <Filter Type="Utils"/>
    <Config>
      <Option Name="TopAutoSet" Val="TRUE"/>
    </Config>
  </FileSet>
  <Strategy Version="1" Minor="2">
    <StratHandle Name="Vivado Implementation Defaults" Flow="Vivado Implementation 2019"/>
    <Step Id="init_design"/>
    <Step Id="opt_design"/>
    <Step Id="power_opt_design"/>
    <Step Id="place_design"/>
    <Step Id="post_place_power_opt_design"/>
    <Step Id="phys_opt_design" EnableStepBool="1"/>
    <Step Id="route_design"/>
    <Step Id="post_route_phys_opt_design"/>
    <Step Id="write_bitstream"/>
  </Strategy>
</GenRun>
